/storage-pool/videos/fdsf/SnapChatSlide.mov,1509385,189328
/storage-pool/videos/EvernoteFood/EvernoteFood.hyperesources/EvernoteFood.mov,2819937,550488
/storage-pool/videos/UntidySort/UntidySort.hyperesources/UntidySort.mov,2868402,298525
/storage-pool/videos/YahooDigestParallax/YahooDigestParallax.hyperesources/YahooDigestParallax.mov,4139361,639791
/storage-pool/videos/StorehousePerspectiveTrans/StorehousePerspectiveTrans.mov,8936283,615694
/storage-pool/videos/GojiLoadingRedux/GojiLoadingRedux.mov,2404858,273299
/storage-pool/videos/ClearPull/ClearPull.hyperesources/ClearPull.mov,1680272,426276
/storage-pool/videos/FelixLaunch/FelixLaunch.hyperesources/FelixLaunch.mov,1594322,238147
/storage-pool/videos/TaaskyMenu/TaaskyMenu.hyperesources/TaaskyMenu.mov,803790,88528
/storage-pool/videos/ElevateGame/ElevateGame.mov,3819575,387154
/storage-pool/videos/SkypeQikMenu/SkypeQikMenu.mov,1123641,153573
/storage-pool/videos/FlickrPTR/FlickrPTR.hyperesources/FlickrPTR.mov,4793799,490455
/storage-pool/videos/Pinterest/Pinterest.hyperesources/Pinterest.mov,1080394,169357
/storage-pool/videos/PeekFold/PeekFold.hyperesources/PeekFold.mov,849721,153252
/storage-pool/videos/SpendeeType/SpendeeType.hyperesources/SpendeeType.mov,781707,166982
/storage-pool/videos/MailboxSwipe/MailboxSwipe.mov,2407171,372348
/storage-pool/videos/KDloading/KDloading.hyperesources/KDloading.mov,1058016,112191
/storage-pool/videos/ScienceToday/ScienceToday.hyperesources/ScienceToday.mov,6778616,731554
/storage-pool/videos/LuminosityGameEnd/LuminosityGameEnd.hyperesources/LuminosityGameEnd.mov,1126366,157168
/storage-pool/videos/GojiSwipe/GojiSwipe.mov,5141533,544933
/storage-pool/videos/LunchTimeset/LunchTimeset.hyperesources/LunchTimeset.mov,124171,24560
/storage-pool/videos/NatGeoTest/NatGeoTest.hyperesources/NatGeoCitiesLoading.mov,2210641,544927
/storage-pool/videos/StrataTutorial/StrataTutorial.hyperesources/StrataTutorial.mov,11050378,1647771
/storage-pool/videos/TimbreParallax/TimbreParallax.hyperesources/TimbreParallax.mov,10069780,1242818
/storage-pool/videos/YelpRefresh/YelpRefresh.hyperesources/YelpRefresh.mov,2071949,200858
/storage-pool/videos/BeatsIntro/BeatsIntro.hyperesources/BeatsIntro.mov,3186794,296505
/storage-pool/videos/TimbreEagle/TimbreEagle.hyperesources/TimbreTrans.mov,2060660,285293
/storage-pool/videos/Kuler/Kuler.hyperesources/Kuler.mov,3295039,468523
/storage-pool/videos/NatGeoStats/NatGeoStats.hyperesources/NatGeoStats.mov,2107418,462519
/storage-pool/videos/GojiLoading4/GojiLoading3.mov,2404882,288449
/storage-pool/videos/Clipchat/Clipchat.hyperesources/Clipchat.mov,2249571,529834
/storage-pool/videos/BreeziFan/BreeziFan.hyperesources/BreeziFan.mov,1764889,351624
/storage-pool/videos/UVFollowing/UVFollowing.hyperesources/UVFollowing.mov,9543418,1232352
/storage-pool/videos/JawboneAmazing/JawboneAmazing.mov,2602422,333568
/storage-pool/videos/RoomsNickname/RoomsNickname.mov,8298957,823102
/storage-pool/videos/JawboneProps/JawboneProps.mov,545328,69183
/storage-pool/videos/TwitterFave/TwitterFave.mov,1115466,59670
/storage-pool/videos/YourExtraProfile/YourExtraProfile.hyperesources/YourExtraProfile.mov,2786595,587955
/storage-pool/videos/MindieMenu/MindieMenu.hyperesources/MindieMenu.mov,3118814,677825
/storage-pool/videos/GoGo/GoGo.mov,2115573,339086
/storage-pool/videos/SunriseSwipe/SunriseSwipe.hyperesources/SunriseSwipe.mov,4298317,457517
/storage-pool/videos/UpCoffee/UpCoffee.mov,3862519,337430
/storage-pool/videos/TesterForMe/Airbnb.mov,2831713,539554
/storage-pool/videos/Lapka/Lapka.hyperesources/Lapka.mov,1874370,196183
/storage-pool/videos/Curator/Curator.mov,4713286,855612
/storage-pool/videos/LuminosityGameStart/LuminosityGameStart.hyperesources/LuminosityGameStart.mov,1507125,156893
/storage-pool/videos/LuminosityGameStart/LuminosityGameStart.hyperesources/LumosityPlay.mov,1093500,169660
/storage-pool/videos/DIYskills/DIYskills.hyperesources/DIYskills.mov,4215184,742533
/storage-pool/videos/FelixParallax/FelixParallax.hyperesources/FelixParallax.mov,3053185,922951
/storage-pool/videos/TumblrMenu/TumblrMenu.mov,1931696,277979
/storage-pool/videos/PaperCustomize/PaperCustomize.hyperesources/PaperCustomize.mov,3782182,331062
/storage-pool/videos/SoundCloudScroller/SoundCloudScroller.mov,3958697,596958
/storage-pool/videos/KickstarterProfile/KickstarterProfile.hyperesources/KickstarterProfile.mov,595338,132192
/storage-pool/videos/Memoir/Memoir.hyperesources/Memoir.mov,1377267,370929
/storage-pool/videos/PathShop/PathShop.hyperesources/PathShop.mov,4896428,662659
/storage-pool/videos/TwitterTrans/TwitterTrans.hyperesources/TwitterTrans.mov,1092726,159530
/storage-pool/videos/TwitterZoom/TwitterZoom.mov,1042214,137513
/storage-pool/videos/UVRoom/UVRoom.hyperesources/UVRoom.mov,9793894,1209873
/storage-pool/videos/TaskTime/TaskTime.hyperesources/TaskTime.mov,765511,178807
/storage-pool/videos/DrummerPlay/DrummerPlay.mov,1057397,154048
/storage-pool/videos/YahooDigestTrans/YahooDigestTrans.hyperesources/YahooDigestTrans.mov,1970077,371661
/storage-pool/videos/Foresee/Foresee.hyperesources/Foresee.mov,459035,78590
/storage-pool/videos/RibbonDate/RibbonDate.hyperesources/RibbonDate.mov,2626740,281021
/storage-pool/videos/DIYjoin/DIYjoin.hyperesources/DIYjoin.mov,2518490,325865
/storage-pool/videos/DIYpull/DIYpull.hyperesources/DIYpull.mov,3695158,612570
/storage-pool/videos/PeekChange/PeekChange.hyperesources/PeekChange.mov,2265288,388015
/storage-pool/videos/Airbnb/Airbnb.hyperesources/Airbnb.mov,2831713,539554
/storage-pool/videos/YourExtraIntro/YourExtraIntro.hyperesources/YourExtraIntro.mov,7074002,1434417
/storage-pool/videos/PaperNotifications/PaperNotifications.hyperesources/PaperNotifications.mov,3249201,442121
/storage-pool/videos/WeekendQuickTour/WeekendQuickTour.hyperesources/WeekendQuickTour.mov,4191064,636769
/storage-pool/videos/TwitterLaunch/TwitterLaunch.mov,988949,150179
/storage-pool/videos/DarkSkyTrans/DarkSkyTrans.hyperesources/DarkSkyTrans.mov,1554615,273701
/storage-pool/videos/YelpMore/YelpMore.hyperesources/YelpMore.mov,2250066,391684
/storage-pool/videos/JustLandedFlip/JustLandedFlip.hyperesources/JustLandedFlip.mov,844912,224482
/storage-pool/videos/ThingListAdd/ThingListAdd.hyperesources/ThingListAdd.mov,902544,136012
/storage-pool/videos/WeatherParallax/WeatherParallax.hyperesources/WeatherParallax.mov,3238268,672444
/storage-pool/videos/WeatherAnim/WeatherAnim.hyperesources/YahooWindSun.mov,1494949,402097
/storage-pool/videos/SpendeeFlip/SpendeeFlip.hyperesources/Spendeeflip.mov,613435,146908
/storage-pool/videos/CalendarDrop/CalendarDrop.hyperesources/CalendarDrop.mov,1249590,213106
/storage-pool/videos/MakingSwipe/MakingSwipe.hyperesources/NikeSwipe.mov,1096397,216379
/storage-pool/videos/YahooDigestDone/YahooDigestDone.hyperesources/YahooDigestDone.mov,1624165,314940
/storage-pool/videos/FlickrBird/FlickrBird.hyperesources/FlickrBird.mov,7439332,607207
/storage-pool/videos/YelpOptions/YelpOptions.hyperesources/YelpOptions.mov,1022625,192422
/storage-pool/videos/WeekendPageRead/WeekendPageRead.hyperesources/WeekendPageRead.mov,3517510,647900
/storage-pool/videos/Roadtrippers/Roadtrippers.hyperesources/Roadtrippers.mov,944310,185015
/storage-pool/videos/MakingTransition/MakingTransition.hyperesources/NikeTransition.mov,1156221,212326
/storage-pool/videos/EverplacesParallax/EverplacesParallax.hyperesources/Everplaces Slide.mov,1725279,247949
/storage-pool/videos/Reporter/Reporter.hyperesources/Reporter.mov,365706,64945
/storage-pool/videos/FelixADN/FelixADN.hyperesources/FelixADN.mov,2115719,492488
/storage-pool/videos/FlightSwipe/FlightSwipe.hyperesources/FlightSwipe.mov,3148480,457880
/storage-pool/videos/JinkMenu/JinkMenu.mov,4451817,602465
/storage-pool/videos/UntidySortb/UntidySortb.hyperesources/UntidySort.mov,2868402,298525
/storage-pool/videos/TimehopPull/TimehopPull.hyperesources/TimehopPull.mov,1201255,201490
/storage-pool/videos/PaperSettings/PaperSettings.hyperesources/PaperSettings.mov,1981306,358494
/storage-pool/videos/EpiclistUI/EpiclistUI.hyperesources/EpiclistUI.mov,2360391,297387
/storage-pool/videos/HelpTest/Airbnb.mov,2831713,539554
/storage-pool/videos/InboxGoogle/GoogleInbox.mov,1574990,259130
/storage-pool/videos/YummlyYum/YummlyYum.hyperesources/YummlyYum.mov,1722675,131605
/storage-pool/videos/TwitterificPTR/TwitterificPTR.mov,1931877,278288
/storage-pool/videos/YummlyNav/YummlyNav.hyperesources/YummlyNav.mov,2558564,397799
/storage-pool/videos/SecretSparkle/SecretSparkle.hyperesources/SecretSparkle.mov,291503,64756
/storage-pool/videos/NessSwitch/NessSwitch.hyperesources/NessSwitch.mov,2795698,478097
/storage-pool/videos/ElevateFinish/ElevateFinish.mov,2035631,346946
/storage-pool/videos/PHQ4Intro/PHQ4Intro.hyperesources/PHQ4Intro.mov,5281295,314988
/storage-pool/videos/SolarSlide/SolarSlide.hyperesources/SolarSlide.mov,3725530,792535
/storage-pool/videos/KeezyMenu/KeezyMenu.mov,1142759,152047
/storage-pool/videos/PeekPTR/PeekPTR.hyperesources/PeekPTR.mov,1180973,150153
/storage-pool/videos/UVSignIn/UVSignIn.hyperesources/UVSignIn.mov,3741681,389301
/storage-pool/videos/Shine/Shine.hyperesources/Shine.mov,17200553,2743169
/storage-pool/videos/PHQ4Parallax/PHQ4Parallax.hyperesources/PHQ4Parallax.mov,6388982,695197
/storage-pool/videos/NatGeoWeather/NatGeoWeather.hyperesources/NatGeoWeather.mov,1035456,214428
/storage-pool/videos/InterestingLoad/InterestingLoad.hyperesources/InterestingLoad.mov,1381530,202895
/storage-pool/videos/TumblrMenu2/TumblrMenu.mov,2349257,298805
/storage-pool/videos/InstafeelProfile/InstafeelProfile.hyperesources/InstafeelFold.mov,1049431,243500
/storage-pool/videos/DarkSky/DarkSky.hyperesources/DarkSkyRadar.mov,4385152,763118
/storage-pool/videos/StorehousePTR2/StorehousePTR.mov,17598828,1388743
/storage-pool/videos/LuminosityGameOut/LuminosityGameOut.hyperesources/LuminosityGameOut.mov,683827,160255
/storage-pool/videos/LunchRoll/LunchRoll.hyperesources/LunchRoll.mov,788906,118453
/storage-pool/videos/SunriseStep/SunriseStep.hyperesources/SunriseStep.mov,1358997,353005
/storage-pool/videos/Currency/Currency.hyperesources/Currency.mov,330922,48644
/storage-pool/videos/GojiTacos/GojiTacos.mov,3268858,493375
/storage-pool/videos/AlbumaticScroll/AlbumaticScroll.hyperesources/AlbumaticScroll.mov,4980380,1092867
/storage-pool/videos/UberSplash/UberSplash.hyperesources/UberSplash.mov,1112272,240470
/storage-pool/videos/PotluckIt/PotluckIt.hyperesources/Potluck.mov,1260825,163398
/storage-pool/videos/RoomsEnter/RoomsEnter.mov,6622399,544071
/storage-pool/videos/Moldiv/Moldiv.hyperesources/Moldiv.mov,2859877,500547
/storage-pool/videos/DotsMenu/DotsMenu.hyperesources/DotsMenu.mov,372444,61934
/storage-pool/videos/DotsDrop/DotsDrop.hyperesources/DotsDrop.mov,463881,93760
/storage-pool/videos/Jelly/Jelly.hyperesources/JellyCard.mov,1820558,231767
/storage-pool/videos/MailboxEmpty/MailboxEmpty.hyperesources/MailboxEmpty.mov,1506665,270566
/storage-pool/videos/Tweetbot3Photo/Tweetbot3Photo.hyperesources/Tweetbot3Photo.mov,1811676,313185
/storage-pool/videos/FlightTrans/FlightTrans.hyperesources/FlightTrans.mov,3564865,546405
/storage-pool/videos/VineMenu/VineMenu.hyperesources/VineMenu.mov,2671812,348652
/storage-pool/videos/Strata/Strata.hyperesources/Strata.mov,8529257,1359670
/storage-pool/videos/StellerHeader/StellerHeader.hyperesources/StellerHeader.mov,4278652,299733
/storage-pool/videos/Munchery/Munchery.hyperesources/Munchery.mov,494197,82693
/storage-pool/videos/IFTTTParallax/IFTTTParallax.hyperesources/IFTTTParallax.mov,1589899,348261
/storage-pool/videos/Path/Path.hyperesources/Path.mov,932176,153665
/storage-pool/videos/FilmAlphabet/FilmAlphabet.hyperesources/FilmAlphabet.mov,3243830,419867
/storage-pool/videos/Grid/Grid.hyperesources/Grid.mov,771628,135689
/storage-pool/videos/MonumentVLevel1/MonumentVLevel1.hyperesources/MonumentVLevel1.mov,16705520,1611987
/storage-pool/videos/KickstarterActivity/KickstarterActivity.hyperesources/KickstarterActivity.mov,3231180,1286194
/storage-pool/videos/MonumentVIntro/MonumentVIntro.hyperesources/MonumentVIntro.mov,3461059,281043
/storage-pool/videos/Expereal/Expereal.hyperesources/Expereal.mov,1541700,271776
/storage-pool/videos/TaaskySingle/TaaskySingle.hyperesources/TaaskySingle.mov,996644,150497
/storage-pool/videos/B612/B612.mov,8275193,1463732
/storage-pool/videos/ElevateChoose/ElevateChoose.mov,1089189,159055
/storage-pool/videos/CalendarDetail/CalendarDetail.hyperesources/CalendarDetail.mov,3323793,550474
/storage-pool/videos/SolarRain/SolarRain.hyperesources/SolarRain.mov,3884186,779756
/storage-pool/videos/Inbox/GoogleInbox.mov,1574990,259130
/storage-pool/videos/Inbox/InboxDisc.mov,582248,122420
/storage-pool/videos/RoomsPTR/RoomsPTR.mov,3070844,217940
/storage-pool/videos/ListenTap/ListenTap.hyperesources/TaptoListen.mov,2249996,272486
/storage-pool/videos/NessSwipe/NessSwipe.hyperesources/NessSwipe.mov,4748934,936885
/storage-pool/videos/Boxes/Boxes.hyperesources/Boxes.mov,7165699,968302
/storage-pool/videos/MonumentVLevels/MonumentVLevels.hyperesources/MonumentVLevels.mov,6332965,844845
/storage-pool/videos/SnapChatSlide/SnapChatSlide.hyperesources/SnapChatSlide.mov,1509385,189328
/storage-pool/videos/PHQ4Tours/PHQ4Tours.hyperesources/PHQ4Tours.mov,3915573,459482
/storage-pool/videos/LetterpressGame/LetterpressGame.hyperesources/LetterpressGame.mov,1188094,247706
/storage-pool/videos/MakingScroll/MakingScroll.hyperesources/NikeScroll.mov,2222564,432790
/storage-pool/videos/DrummerPlay_mp4/DrummerPlay.mov,1057397,154048
/storage-pool/videos/BlixtProfile/BlixtProfile.mov,1798259,266461
/storage-pool/videos/TaskAdd/TaskAdd.hyperesources/TaskAdd.mov,1186739,273156
/storage-pool/videos/ListenSongX/ListenSongX.hyperesources/SongtoSong.mov,6315574,1047302
/storage-pool/videos/PaperTiles/PaperTiles.hyperesources/PaperTiles.mov,4669967,637320
/storage-pool/videos/CatenaStats/CatenaStats.mov,1067647,178867
/storage-pool/videos/FlappyBird/FlappyBird.hyperesources/FlappyBird.mov,1605184,197437
/storage-pool/videos/JinkAdd/JinkAdd.mov,1204611,238007
/storage-pool/videos/SolarPinch/SolarPinch.hyperesources/SolarPinch.mov,2081617,368646
/storage-pool/videos/Yo/Yo.mov,944155,102654
/storage-pool/videos/StackExchangeLogin/StackExchangeLogin.mov,2444798,429225
/storage-pool/videos/StorehouseStory/StorehouseStory.mov,11189039,686587
/storage-pool/videos/NotedShards/NotedShards.hyperesources/NotedShards.mov,1186255,248946
/storage-pool/videos/PaperTrans/PaperTrans.hyperesources/PaperTrans.mov,3111247,488746
/storage-pool/videos/BeatsGenres/BeatsGenres.hyperesources/BeatsGenres.mov,3969943,314939
/storage-pool/videos/InstagramLogo/InstagramLogo.hyperesources/InstagramLogo.mov,3312001,270981
/storage-pool/videos/Discovr/Discovr.hyperesources/Discovr.mov,3355863,416678
/storage-pool/videos/UntidyNav/UntidyNav.hyperesources/UntidyNav.mov,981312,186362
/storage-pool/videos/SnapChatBBall/SnapChatBBall.hyperesources/SnapChatBBall.mov,456666,68393
/storage-pool/videos/DarkSkyIntro/DarkSkyIntro.hyperesources/DarkSkyIntro.mov,1988630,315443
/storage-pool/videos/ListenVolume/ListenVolume.hyperesources/SongVolume.mov,1681767,302945
/storage-pool/videos/FlickrFlick/FlickrFlick.hyperesources/FlickrFlick.mov,2561836,385263
/storage-pool/videos/FlightNew/FlightNew.hyperesources/FlightNew.mov,2088652,347875
/storage-pool/videos/Hyperlapse/Hyperlapse.mov,974331,201439
/storage-pool/videos/Circa/Circa.hyperesources/Circa.mov,1273724,352607
/storage-pool/videos/ApplauzeDial/ApplauzeDial.hyperesources/ApplauzeDial.mov,3967450,947844
/storage-pool/videos/WeatherBlur/WeatherBlur.hyperesources/WeatherBlur.mov,6477988,1491026
/storage-pool/videos/NotedDelete/NotedDelete.hyperesources/NotedDelete.mov,569774,147538
/storage-pool/videos/LiftButton/LiftButton.hyperesources/LiftButton.mov,728121,136618
/storage-pool/videos/BeatsTrans/BeatsTrans.hyperesources/BeatsTrans.mov,1818992,186621
/storage-pool/videos/TumblrLoad/TumblrLoad.mov,1182175,126387
/storage-pool/videos/HelpTestMe/Airbnb.mov,2831713,539554
/storage-pool/videos/UntidyTrans/UntidyTrans.hyperesources/UntidyTrans.mov,1211945,154235
/storage-pool/videos/ClearPinchOpen/ClearPinchOpen.hyperesources/ClearPinchOpen.mov,1415673,361207
/storage-pool/videos/MeatText/MeatText.hyperesources/MeatText.mov,514738,52329
/storage-pool/videos/StellerFlip/StellerFlip.hyperesources/StellerFlip.mov,7634586,1348371
/storage-pool/videos/StorehouseFave/StorehouseFave.mov,3348808,89456
/storage-pool/videos/NotedNav/NotedNav.hyperesources/NotedNav.mov,469346,66772
/storage-pool/videos/RadioLab/RadioLab.hyperesources/RadioLab.mov,11009333,3042734
/storage-pool/videos/YourExtraChallenge/YourExtraChallenge.hyperesources/YourExtraChallenge.mov,4423939,679252
/storage-pool/videos/BlixtDetail/BlixtDetail.mov,972361,176699
/storage-pool/videos/Tweetbot3QuickTip/Tweetbot3QuickTip.hyperesources/Tweetbot3QuickTip.mov,3753109,580706
/storage-pool/videos/TwitterMusic/TwitterMusic.mov,10102590,1184174
/storage-pool/videos/LunchBounce/LunchBounce.hyperesources/LunchBounce.mov,829547,96659
/storage-pool/videos/DotsComplete/DotsComplete.hyperesources/DotsConnect.mov,449986,84815
/storage-pool/videos/BlixtPost/BlixtPost.mov,1222273,223746
/storage-pool/videos/LetterpressOK/LetterpressOK.hyperesources/LetterpressOK.mov,728441,168485
/storage-pool/videos/StrataProdigy/StrataProdigy.hyperesources/StrataProdigy.mov,3780551,946201
/storage-pool/videos/PicLabPicker/PicLabPicker.hyperesources/PickLabPickdr.mov,1610523,221016
/storage-pool/videos/PaperPan/PaperPan.hyperesources/PaperPan.mov,768616,673260
/storage-pool/videos/PaperPan/PaperPan.hyperesources/c_PaperPan.mov,768616,673260
/storage-pool/videos/PaperPan/PaperPan.hyperesources/o.PaperPan.mov,8455835,768616
/storage-pool/videos/Tweetbot3Switch/Tweetbot3Switch.hyperesources/Tweetbot3Switch.mov,2781605,505300
/storage-pool/videos/TaaskyAdd/TaaskyAdd.hyperesources/TaaskyAdd.mov,1931436,203666
/storage-pool/videos/ZiteMenu/ZiteMenu.hyperesources/ZiteMenu.mov,1744843,253512
/storage-pool/videos/SpendeeGraph/SpendeeGraph.hyperesources/SpendeeGraph.mov,498929,142145
/storage-pool/videos/Jetsetter/Jetsetter.hyperesources/Jetsetter.mov,2266247,276618
/storage-pool/videos/SnapChatDance/SnapChatDance.hyperesources/SnapChatDance.mov,1043265,122918
/storage-pool/videos/JamSnapButton/JamSnapButton.hyperesources/JamSnapButton.mov,3602541,252377
/storage-pool/videos/IFTTTBlur/IFTTTBlur.hyperesources/IFTTTBlur.mov,1492810,493526
/storage-pool/videos/YummlySearch/YummlySearch.hyperesources/YummlySearch.mov,1869231,296368
/storage-pool/videos/ClearLists/ClearLists.hyperesources/ClearLists.mov,1680070,311225
/storage-pool/videos/DirectorIntro/DirectorIntro.hyperesources/DirectorIntro.mov,3261449,388802
/storage-pool/videos/DarkSkyGlobe/DarkSkyGlobe.hyperesources/DarkSkyGlobe.mov,1765721,177916
/storage-pool/videos/JustLandedSlide/JustLandedSlide.hyperesources/JustLandedSlide.mov,906478,149511
/storage-pool/videos/CatenaGame/CatenaGame.mov,1725739,152743
/storage-pool/videos/LetterpressSubmit/LetterpressSubmit.hyperesources/LetterpressSubmit.mov,799761,187052
/storage-pool/videos/NikeRun/NikeRun.mov,1134394,140733
/storage-pool/videos/IFTTTIntro/IFTTTIntro.hyperesources/IFTTTIntro.mov,1175652,229155
/storage-pool/videos/TimbreNav/TimbreNav.hyperesources/TimbreNav.mov,1045922,185886
/storage-pool/videos/StellerAdd/StellerAdd.hyperesources/StellerAdd.mov,2678302,338636
/storage-pool/videos/TwitterTrans_iPad1/TwitterTrans_iPad.hyperesources/TwitterTrans.mov,1092726,159530
/storage-pool/videos/InterestingPink/InterestingPink.hyperesources/InterestingNav.mov,3963639,408220
/storage-pool/videos/CalendarSwipe/CalendarSwipe.hyperesources/CalendarSwipe.mov,1493710,264435
